Variable,P-value_Chi2
PADDURAT,0.5471047773413827
SLD010H,7.8366126220821e-06
RIAGENDR,0.201675811995743
RIDAGEMN,7.984889934982451e-170
