,SEQN,BPQ020,DIQ010,DIQ190A,DIQ190B,PAQ180,PADACTIV,PADDURAT,SLD010H,RIAGENDR,RIDAGEMN,PreDM,Prediction_Correct
count,3663.0,3663.0,3663.0,3663.0,3663.0,3663.0,3663.0,3663.0,3663.0,3663.0,3663.0,3663.0,3663.0
mean,36480.72263172263,1.7903357903357904,1.9555009555009555,1.7764127764127764,1.714168714168714,2.3387933387933386,29.48839748839749,57.802893802893806,6.957138957138957,1.4742014742014742,431.7302757302757,0.4935844935844936,1.0
std,2956.126201855758,0.4071245248676876,0.2590506213046442,0.41670538960564996,0.45187111560262355,0.847870958875715,13.246613252783913,63.055993792618025,2.53873707062829,0.49940216561754636,220.2631857018743,0.500027098009345,0.0
min,31132.0,1.0,1.0,1.0,1.0,1.0,10.0,10.0,1.0,1.0,192.0,0.0,1.0
25%,33858.0,2.0,2.0,2.0,1.0,2.0,15.0,20.0,6.0,1.0,229.0,0.0,1.0
50%,36571.0,2.0,2.0,2.0,2.0,2.0,31.0,30.0,7.0,1.0,365.0,0.0,1.0
75%,38995.0,2.0,2.0,2.0,2.0,3.0,42.0,60.0,8.0,2.0,592.0,1.0,1.0
max,41465.0,2.0,3.0,2.0,2.0,4.0,71.0,600.0,99.0,2.0,1019.0,1.0,1.0
