,SEQN,BPQ020,DIQ010,DIQ190A,DIQ190B,PAQ180,PADACTIV,PADDURAT,SLD010H,RIAGENDR,RIDAGEMN,PreDM,Prediction_Correct
count,3709.0,3709.0,3709.0,3709.0,3709.0,3709.0,3709.0,3709.0,3709.0,3709.0,3709.0,3709.0,3709.0
mean,36458.78134267997,1.7910488002156915,1.955783229981127,1.7786465354543004,1.7201401995146939,2.3429495820976003,29.456457266109464,58.236451873820435,6.982205446211917,1.476678349959558,431.52871393906713,0.49204637368562953,1.0
std,2945.626355667509,0.4066142799323032,0.2579629612016347,0.43301855806773776,0.46550523731732935,0.8769750604359927,13.242288446611369,64.65427022214052,2.5292690933472235,0.4995231483599519,220.2620939231446,0.5000041445415406,0.0
min,31132.0,1.0,1.0,1.0,1.0,1.0,10.0,10.0,1.0,1.0,192.0,0.0,1.0
25%,33851.0,2.0,2.0,2.0,1.0,2.0,15.0,20.0,6.0,1.0,229.0,0.0,1.0
50%,36530.0,2.0,2.0,2.0,2.0,2.0,32.0,30.0,7.0,1.0,369.0,0.0,1.0
75%,38944.0,2.0,2.0,2.0,2.0,3.0,42.0,60.0,8.0,2.0,587.0,1.0,1.0
max,41465.0,2.0,3.0,9.0,9.0,9.0,71.0,600.0,99.0,2.0,1019.0,1.0,1.0
