Variable,P-value_Chi2
DIQ010,1.4387896201799495e-49
DIQ190A,1.2008093992371672e-60
DIQ190B,2.1256551437662426e-49
PAQ180,4.1445119428313305e-13
PADACTIV,7.70905930918657e-13
RIAGENDR,0.19150495907889523
