	SEQN	BPQ020	DIQ010	DID040	DIQ220	DIQ190A	DIQ190B	DIQ230	DID260	DIQ280	DIQ300S	DIQ300D	PAQ180	PADACTIV	PADDURAT	SLD010H	LBXAPB	LBDINSI	LBXGH	RIAGENDR	RIDAGEMN
count	4467.0	4467.0	4467.0	4466.0	4467.0	4467.0	4467.0	4399.0	4467.0	4394.0	4467.0	4467.0	4463.0	4467.0	4467.0	4465.0	4467.0	4467.0	4467.0	4467.0	4467.0
mean	36441.70338034475	1.8072531900604432	1.9670920080591001	2.159202866099418	0.1081262592343855	1.805014551152899	1.7456906201029774	0.06569674926119573	0.10051488694873517	0.14353664087391899	138.49585851802104	141.1714797403179	2.3096571812682054	29.40407432281173	58.1542422207298	6.975811870100784	85.99194089993284	61.58272666218939	4.971502126706962	1.4752630400716364	420.28206850235057
std	2963.5762337324004	0.43959967250322696	0.2566458896419437	10.521410014999935	1.1954885167696603	0.4117529058224619	0.44968629769163826	0.46915151791608184	1.2456704074276188	1.0679467355856236	1150.9094261027294	1169.7209368075526	0.8359436776764777	13.321707885846257	63.80208764311537	1.3723612413594288	34.935497180511526	64.100235091802	1.5575669577098823	0.49944361473636	219.23766394057955
min	31132.0	1.0	1.0	0.0	0.0	1.0	1.0	0.0	0.0	0.0	0.0	0.0	1.0	10.0	0.0	1.0	0.0	0.0	0.0	1.0	0.0
25%	33852.0	2.0	2.0	0.0	0.0	2.0	1.0	0.0	0.0	0.0	0.0	0.0	2.0	15.0	20.0	6.0	69.0	27.39	4.9	1.0	229.0
50%	36454.0	2.0	2.0	0.0	0.0	2.0	2.0	0.0	0.0	0.0	0.0	0.0	2.0	31.0	30.0	7.0	87.0	44.82	5.2	1.0	354.0
75%	38977.0	2.0	2.0	0.0	0.0	2.0	2.0	0.0	0.0	0.0	0.0	0.0	3.0	42.0	60.0	8.0	107.0	77.28	5.5	2.0	564.0
max	41472.0	9.0	9.0	80.0	15.0	9.0	9.0	6.0	55.0	12.0	9999.0	9999.0	4.0	71.0	600.0	12.0	345.0	1387.44	15.6	2.0	1019.0
