Variable,P-value
PADDURAT,0.5276048152235028
SLD010H,0.25702079676565104
RIDAGEMN,7.28717949240731e-104
