	SEQN	BPQ020	DIQ010	DID040	DIQ220	DIQ190A	DIQ190B	DIQ230	DID260	DIQ280	DIQ300S	DIQ300D	PAQ180	PADACTIV	PADDURAT	SLD010H	LBXAPB	LBDINSI	LBXGH	RIAGENDR	RIDAGEMN
count	4963.0	4963.0	4963.0	4963.0	4963.0	4963.0	4963.0	4963.0	4963.0	4963.0	4963.0	4963.0	4963.0	4963.0	4963.0	4963.0	4963.0	4963.0	4963.0	4963.0	4963.0
mean	36459.79689703808	1.8069715897642555	1.9651420511787225	2.220274027805763	0.11061857747330243	1.8073745718315535	1.7457183155349587	0.07239975821075963	0.10235744509369334	0.14652427966955472	4.447561958492847	2.529325005037276	2.3005238766874876	29.40217610316341	58.11249848881724	6.973788031432602	92.33209147692928	66.88578279266572	5.311160588353818	1.4751158573443481	420.1035663912956
std	2957.008570407595	0.43549644194415765	0.2551246523592312	10.695147641657337	1.2077833034342902	0.40845806006753305	0.44827056139371513	0.5071749845065826	1.1995567515629069	1.0698722687629663	23.886660597794908	13.929802875478568	0.8350709781069775	13.343440771704646	64.22030933277892	1.36538900656926	26.05181820022896	62.47023110160808	0.8259525683143157	0.4994307134747279	219.09102036581157
min	31132.0	1.0	1.0	0.0	0.0	1.0	1.0	0.0	0.0	0.0	0.0	0.0	1.0	10.0	10.0	1.0	24.0	6.0	3.8	1.0	0.0
25%	33858.0	2.0	2.0	0.0	0.0	2.0	1.0	0.0	0.0	0.0	0.0	0.0	2.0	15.0	20.0	6.0	74.0	32.25	4.9	1.0	229.0
50%	36517.0	2.0	2.0	0.0	0.0	2.0	2.0	0.0	0.0	0.0	0.0	0.0	2.0	31.0	30.0	7.0	92.0	51.36	5.2	1.0	354.0
75%	38977.0	2.0	2.0	0.0	0.0	2.0	2.0	0.0	0.0	0.0	0.0	0.0	3.0	42.0	60.0	8.0	107.0	77.46	5.5	2.0	565.5
max	41472.0	9.0	9.0	80.0	15.0	9.0	9.0	6.0	55.0	12.0	200.0	160.0	4.0	71.0	600.0	12.0	345.0	1387.44	15.6	2.0	1019.0
