,SEQN,BPQ020,DIQ010,DIQ190A,DIQ190B,PAQ180,PADACTIV,PADDURAT,SLD010H,RIAGENDR,RIDAGEMN,PreDM,Prediction_Correct
count,803.0,803.0,803.0,803.0,803.0,803.0,803.0,803.0,803.0,803.0,803.0,803.0,803.0
mean,36522.666251556664,1.8655043586550435,2.0062266500622665,1.9053549190535493,1.8306351183063512,2.2254047322540473,29.23785803237858,60.51307596513076,7.070983810709838,1.4968866749688667,416.2079701120797,0.5591531755915318,0.0
std,3012.470532457034,0.5709886324371963,0.2665211055205406,0.292906523878797,0.3753076478513865,0.8222299096158292,13.758315060772917,72.1950514387748,1.378926686401691,0.5003019246612274,212.23609480104486,0.49679800678985914,0.0
min,31153.0,1.0,1.0,1.0,1.0,1.0,10.0,10.0,1.0,1.0,192.0,0.0,0.0
25%,33936.0,2.0,2.0,2.0,2.0,2.0,15.0,20.0,6.0,1.0,234.0,0.0,0.0
50%,36517.0,2.0,2.0,2.0,2.0,2.0,33.0,30.0,7.0,1.0,349.0,1.0,0.0
75%,39080.0,2.0,2.0,2.0,2.0,3.0,42.0,60.0,8.0,2.0,547.5,1.0,0.0
max,41472.0,9.0,9.0,2.0,2.0,9.0,71.0,600.0,12.0,2.0,1004.0,1.0,0.0
