Variable,P-value
PADDURAT,0.5271942737583879
SLD010H,0.24551783220350376
RIDAGEMN,3.945133049221474e-105
