,SEQN,BPQ020,DIQ010,DIQ190A,DIQ190B,PAQ180,PADACTIV,PADDURAT,SLD010H,RIAGENDR,RIDAGEMN,PreDM,Prediction_Correct
count,3733.0,3733.0,3733.0,3733.0,3733.0,3733.0,3733.0,3733.0,3733.0,3733.0,3733.0,3733.0,3733.0
mean,36445.11492097509,1.7902491293865523,1.9557996249665148,1.7781944816501474,1.7163139566032681,2.340744709349049,29.51808197160461,58.047414947763194,6.995446021966247,1.4752210018751675,434.1585855879989,0.4875435306723815,1.0
std,2948.715908043735,0.4071852864876948,0.25763108824665587,0.4331967684489578,0.46719169670398486,0.8745803969724518,13.231126515167718,63.415421657989654,2.9348463856178255,0.4994525252106511,220.74151690971578,0.49991177522181873,0.0
min,31132.0,1.0,1.0,1.0,1.0,1.0,10.0,10.0,1.0,1.0,192.0,0.0,1.0
25%,33853.0,2.0,2.0,2.0,1.0,2.0,15.0,20.0,6.0,1.0,230.0,0.0,1.0
50%,36504.0,2.0,2.0,2.0,2.0,2.0,33.0,30.0,7.0,1.0,376.0,0.0,1.0
75%,38963.0,2.0,2.0,2.0,2.0,3.0,42.0,60.0,8.0,2.0,593.0,1.0,1.0
max,41465.0,2.0,3.0,9.0,9.0,9.0,71.0,600.0,99.0,2.0,1019.0,1.0,1.0
