	SEQN	BPQ020	DIQ010	DIQ190A	DIQ190B	PAQ180	PADACTIV	PADDURAT	SLD010H	RIAGENDR	RIDAGEMN	PreDM	Prediction_Correct
count	2882.0	2882.0	2882.0	2882.0	2882.0	2882.0	2882.0	2882.0	2882.0	2882.0	2882.0	2882.0	2882.0
mean	-0.34199468400038313	-0.06868517801889129	-0.049053529390094	-0.12099070759285802	-0.09001699516487083	0.1240862205498372	-0.06591274598243402	-1.35726033899698	-0.14596867712544714	-0.013043536376596832	3.005134737132437	-0.04483391651993274	1.0
std	-79.35267602088697	-0.16270750071688617	-0.006979476154112041	0.13235365491710582	0.07309127709163338	0.0658943152237409	-0.45481257727565527	-2.193696919884033	-0.9394450278905553	-0.0006737088120687962	4.970000289024625	0.001064407744721274	0.0
min	-21.0	0.0	0.0	0.0	0.0	0.0	0.0	0.0	-2.0	0.0	0.0	0.0	1.0
25%	-122.0	0.0	0.0	0.0	-1.0	0.0	0.0	-2.5	0.0	0.0	-11.0	0.0	1.0
50%	229.0	0.0	0.0	0.0	0.0	0.0	-2.0	0.0	0.0	0.0	2.0	-1.0	1.0
75%	-163.0	0.0	0.0	0.0	0.0	0.0	0.0	0.0	0.0	0.0	28.0	0.0	1.0
max	-7.0	-7.0	-6.0	7.0	7.0	0.0	0.0	0.0	0.0	0.0	0.0	0.0	1.0
