,SEQN,BPQ020,DIQ010,DIQ190A,DIQ190B,PAQ180,PADACTIV,PADDURAT,SLD010H,RIAGENDR,RIDAGEMN,PreDM,Prediction_Correct
count,867.0,867.0,867.0,867.0,867.0,867.0,867.0,867.0,867.0,867.0,867.0,867.0,867.0
mean,36355.21914648212,1.8604382929642445,2.002306805074971,1.8938869665513265,1.8223760092272203,2.204152249134948,29.366782006920417,61.46020761245675,7.21683967704729,1.502883506343714,424.8350634371396,0.5294117647058824,0.0
std,2976.111146226015,0.5605517669475581,0.2587842119383573,0.30816000335958543,0.3824165072439901,0.7873604952889763,13.649918716683064,72.9855199119385,3.399706912499229,0.5002802808354254,212.7556780398324,0.49942229905607666,0.0
min,31153.0,1.0,1.0,1.0,1.0,1.0,10.0,10.0,1.0,1.0,192.0,0.0,0.0
25%,33828.0,2.0,2.0,2.0,2.0,2.0,15.0,25.0,6.0,1.0,238.5,0.0,0.0
50%,36164.0,2.0,2.0,2.0,2.0,2.0,34.0,30.0,7.0,2.0,374.0,1.0,0.0
75%,38914.0,2.0,2.0,2.0,2.0,3.0,42.0,60.0,8.0,2.0,546.5,1.0,0.0
max,41472.0,9.0,9.0,2.0,2.0,4.0,71.0,600.0,99.0,2.0,1012.0,1.0,0.0
