,SEQN,BPQ020,DIQ010,DIQ190A,DIQ190B,PAQ180,PADACTIV,PADDURAT,SLD010H,RIAGENDR,RIDAGEMN,PreDM,Prediction_Correct
count,827.0,827.0,827.0,827.0,827.0,827.0,827.0,827.0,827.0,827.0,827.0,827.0,827.0
mean,36459.12333736397,1.8597339782345828,2.004836759371221,1.8996372430471584,1.8101571946795647,2.218863361547763,29.522370012091898,59.593712212817415,7.128174123337364,1.4897218863361548,428.5235792019347,0.5368802902055623,0.0
std,3024.979031688396,0.5693217806491894,0.26494243735574674,0.30066490315063193,0.39241396022569597,0.8110807452122518,13.697101023887024,66.84796714202456,3.468714121237779,0.5001968571720207,215.29209363411996,0.49893973679681936,0.0
min,31153.0,1.0,1.0,1.0,1.0,1.0,10.0,10.0,3.0,1.0,192.0,0.0,0.0
25%,33973.0,2.0,2.0,2.0,2.0,2.0,15.0,22.5,6.0,1.0,240.0,0.0,0.0
50%,36301.0,2.0,2.0,2.0,2.0,2.0,34.0,30.0,7.0,1.0,367.0,1.0,0.0
75%,39107.0,2.0,2.0,2.0,2.0,3.0,42.0,60.0,8.0,2.0,559.0,1.0,0.0
max,41472.0,9.0,9.0,2.0,2.0,9.0,71.0,600.0,99.0,2.0,1019.0,1.0,0.0
