	SEQN	BPQ020	DIQ010	DID040	DIQ220	DIQ190A	DIQ190B	DIQ230	DID260	DIQ280	DIQ300S	DIQ300D	PAQ180	PADACTIV	PADDURAT	SLD010H	LBXAPB	LBDINSI	LBXGH	RIAGENDR	RIDAGEMN
count	8018.0	8018.0	8018.0	8018.0	8018.0	8018.0	8018.0	8018.0	8018.0	8018.0	8018.0	8018.0	8018.0	8018.0	8018.0	8018.0	8018.0	8018.0	8018.0	8018.0	8018.0
mean	40296.784110750814	1.7536792217510602	1.9408830132202544	3.5972811174856574	0.14854078323771513	1.785108505861811	1.7228735345472685	0.12631329508605638	0.14953853828885008	0.18856697430780744	6.435844350212022	3.6340421551509103	2.3003242703916187	29.40134696931903	58.100112247443256	6.917894736842105	92.07745572461961	71.82989398852581	5.465679720628587	1.4845347967074083	456.9038413569469
std	5709.483185795636	0.46967626277276564	0.31903139945215064	13.4900968982105	1.3868755227128526	0.4274394663493619	0.4778001691001382	0.7001090295355529	1.1276129437016504	1.1942903768014683	28.2801972232757	16.339031502571675	0.65697048859784	10.497606096028667	50.52366565339828	1.4208998822522805	25.486493474860445	67.3000549743623	0.9345829668260192	0.4997919380987595	236.68862121563478
min	31132.0	1.0	1.0	0.0	0.0	1.0	1.0	0.0	0.0	0.0	0.0	0.0	1.0	10.0	10.0	1.0	24.0	6.0	3.8	1.0	0.0
25%	35621.0	1.0	2.0	0.0	0.0	2.0	1.0	0.0	0.0	0.0	0.0	0.0	2.0	23.0	30.0	6.0	75.0	34.38	5.0	1.0	239.0
50%	39503.0	2.0	2.0	0.0	0.0	2.0	2.0	0.0	0.0	0.0	0.0	0.0	2.3	29.4	58.08	7.0	92.0	55.44	5.3	1.0	418.0
75%	44945.25	2.0	2.0	0.0	0.0	2.0	2.0	0.0	0.0	0.0	0.0	0.0	2.3	37.0	58.08	8.0	107.0	83.865	5.6	2.0	637.0
max	51623.0	9.0	9.0	80.0	15.0	9.0	9.0	6.0	55.0	18.0	200.0	160.0	4.0	71.0	600.0	12.0	345.0	1390.02	15.6	2.0	1019.0
