	SEQN	BPQ020	DIQ010	DID040	DIQ220	DIQ190A	DIQ190B	DIQ230	DID260	DIQ280	DIQ300S	DIQ300D	PAQ180	PADACTIV	PADDURAT	SLD010H	LBXAPB	LBDINSI	LBXGH	RIAGENDR	RIDAGEMN
count	2380.0	2380.0	2380.0	2380.0	2380.0	2380.0	2380.0	2380.0	2380.0	2380.0	2380.0	2380.0	2380.0	2380.0	2380.0	2380.0	2380.0	2380.0	2380.0	2380.0	2380.0
mean	36494.652100840336	1.86890756302521	2.0	0.0	0.0	1.861764705882353	1.792857142857143	0.0	0.0	0.0	0.0	0.0	2.3084033613445376	29.48109243697479	53.32773109243698	7.032773109243697	82.56344537815126	52.82493277310924	4.8408403361344545	1.4756302521008404	382.57689075630253
std	3002.9569374529015	0.3375723481460151	0.0	0.0	0.0	0.345219309546271	0.405343963884782	0.0	0.0	0.0	0.0	0.0	0.8158867949658885	13.334449551212174	50.278954378167754	1.2597569935670554	32.65005080339751	39.28526803430001	1.2728104227035557	0.4995107125195138	196.41875954205213
min	31139.0	1.0	2.0	0.0	0.0	1.0	1.0	0.0	0.0	0.0	0.0	0.0	1.0	10.0	0.0	1.0	0.0	0.0	0.0	1.0	0.0
25%	33790.0	2.0	2.0	0.0	0.0	2.0	2.0	0.0	0.0	0.0	0.0	0.0	2.0	15.0	20.0	6.0	67.0	28.034999999999997	4.8	1.0	224.0
50%	36531.0	2.0	2.0	0.0	0.0	2.0	2.0	0.0	0.0	0.0	0.0	0.0	2.0	31.0	30.0	7.0	84.5	43.68	5.1	1.0	312.0
75%	38980.5	2.0	2.0	0.0	0.0	2.0	2.0	0.0	0.0	0.0	0.0	0.0	3.0	42.0	60.0	8.0	102.0	66.18	5.3	2.0	505.25
max	41472.0	2.0	2.0	0.0	0.0	2.0	2.0	0.0	0.0	0.0	0.0	0.0	4.0	71.0	300.0	12.0	186.0	234.9	6.5	2.0	1007.0
