	SEQN	BPQ020	DIQ010	DID040	DIQ220	DIQ190A	DIQ190B	DIQ230	DID260	DIQ280	DIQ300S	DIQ300D	PAQ180	PADACTIV	PADDURAT	SLD010H	LBXAPB	LBDINSI	LBXGH	RIAGENDR	RIDAGEMN
count	4467.0	4467.0	4467.0	4467.0	4467.0	4467.0	4467.0	4467.0	4467.0	4467.0	4467.0	4467.0	4467.0	4467.0	4467.0	4467.0	4467.0	4467.0	4467.0	4467.0	4467.0
mean	36441.70338034475	1.8072531900604432	1.9670920080591001	2.159203044548914	0.1081262592343855	1.805014551152899	1.7456906201029774	0.0657622565480188	0.10051488694873517	0.1434788448623237	138.49585851802104	141.1714797403179	2.309657488247146	29.40407432281173	58.1933221401388	6.975813745242892	92.31607790463399	66.46270875307813	5.3168793373628835	1.4752630400716364	420.28206850235057
std	2963.5762337324004	0.43959967250322696	0.2566458896419437	10.520232003469108	1.1954885167696603	0.4117529058224619	0.44968629769163826	0.46556642942249055	1.2456704074276188	1.0591826880104398	1150.9094261027294	1169.7209368075526	0.8355692348638811	13.321707885846257	63.78426989298643	1.3720539188912502	26.010905157674934	61.71091494018751	0.8424160892543429	0.49944361473636	219.23766394057955
min	31132.0	1.0	1.0	0.0	0.0	1.0	1.0	0.0	0.0	0.0	0.0	0.0	1.0	10.0	10.0	1.0	24.0	6.0	3.8	1.0	0.0
25%	33852.0	2.0	2.0	0.0	0.0	2.0	1.0	0.0	0.0	0.0	0.0	0.0	2.0	15.0	20.0	6.0	75.0	31.98	5.0	1.0	229.0
50%	36454.0	2.0	2.0	0.0	0.0	2.0	2.0	0.0	0.0	0.0	0.0	0.0	2.0	31.0	30.0	7.0	92.0	51.0	5.2	1.0	354.0
75%	38977.0	2.0	2.0	0.0	0.0	2.0	2.0	0.0	0.0	0.0	0.0	0.0	3.0	42.0	60.0	8.0	107.0	77.28	5.5	2.0	564.0
max	41472.0	9.0	9.0	80.0	15.0	9.0	9.0	6.0	55.0	12.0	9999.0	9999.0	4.0	71.0	600.0	12.0	345.0	1387.44	15.6	2.0	1019.0
