Variable,P-value_Chi2
BPQ020,3.2490459522495357e-35
DIQ010,7.495180702172509e-50
DIQ190A,5.878690646096538e-60
DIQ190B,1.787855719046953e-48
PAQ180,8.258870438097308e-13
PADACTIV,6.060923421566115e-13
RIAGENDR,0.201675811995743
