Variable,P-value
BPQ020,2.149644899210557e-29
DIQ010,1.4399853518704012e-19
DIQ190A,1.4762687150595293e-56
DIQ190B,2.984726068913716e-46
PAQ180,2.7705933110992324e-15
PADACTIV,7.80718281060961e-06
PADDURAT,0.5276048152235028
SLD010H,0.25702079676565104
RIAGENDR,0.19145894563149693
RIDAGEMN,7.28717949240731e-104
